City,Year,Temp,AQI Value,Temp_avg,Rainfall,Population,LAT,LON,Tourists,Hospitals,Risk
Kozhikode,2020,28.39,48.214765100671144,28.39,1010.9715267406565,4387410.0,11.248,75.7804,350992.80000000005,439,1.9060128189742833
Coimbatore,2020,24.89,56.175438596491226,24.89,690.4071459614875,3158720.0,11.0056,76.9661,252697.6,316,1.750458760154587
Kannur,2020,28.31,53.522184300341294,28.31,725.9990912717108,2465140.0,11.8675,75.3576,197211.2,247,1.788766810597186
Kollam,2020,28.29,86.0,28.29,1058.3981589443333,2252170.0,8.88113,76.5847,180173.6,225,2.078194161316251
Thiruvananthapuram,2020,27.31,54.94505494505494,27.31,619.6027960663654,3072530.0,8.4855,76.9492,245802.40000000002,307,1.8830435093253912
Kozhikode,2021,28.16,60.545994065281896,28.16,954.8987670756455,4387410.0,11.248,75.7804,526489.2,439,2.085131378543387
Coimbatore,2021,24.05,84.25714285714285,24.05,539.7125418252299,3158720.0,11.0056,76.9661,379046.39999999997,316,1.9691708147659557
Kannur,2021,28.1,74.96036585365853,28.1,741.9264218662403,2465140.0,11.8675,75.3576,295816.8,247,1.9753187830356518
Kollam,2021,27.99,92.66666666666667,27.99,1049.950877642222,2252170.0,8.88113,76.5847,270260.39999999997,225,2.164535300740192
Thiruvananthapuram,2021,26.77,58.505524861878456,26.77,691.6108866694068,3072530.0,8.4855,76.9492,368703.6,307,1.961247929523766
Kozhikode,2022,27.81,61.30801687763713,27.81,913.9315112165555,4387410.0,11.248,75.7804,701985.6000000001,439,2.187967138136377
Coimbatore,2022,24.14,55.404761904761905,24.14,678.2864778242991,3158720.0,11.0056,76.9661,505395.2,316,1.8766505571504624
Kannur,2022,27.75,62.78048780487805,27.75,729.8663961200632,2465140.0,11.8675,75.3576,394422.4,247,1.949013817376475
Kollam,2022,27.68,74.54430379746836,27.68,953.1762999026121,2252170.0,8.88113,76.5847,360347.2,225,2.097856116815164
Thiruvananthapuram,2022,26.75,50.26538461538462,26.75,612.273745081065,3072530.0,8.4855,76.9492,491604.80000000005,307,1.9887538320879952
Ramanathapuram,2022,28.05,72.92682926829268,28.05,638.5106764780151,1369771.2142857143,9.37158,78.8308,219163.3942857143,137,1.9735833945598693
Chennai,2020,28.35,68.52459016393442,28.35,993.9545046658959,12336000.0,13.0878,80.2785,986880.0,1234,2.447667129168737
Sagar,2020,24.55,72.25,24.55,619.7134647448356,481894.0,14.165,75.029,38551.520000000004,48,1.8476062702103515
Koppal,2020,25.9,96.16666666666667,25.9,632.7917527963174,1369771.2142857143,15.3452,76.1548,109581.69714285716,137,1.9554070373250894
Madikeri,2021,23.86,68.3125,23.86,570.8843710297062,1369771.2142857143,12.426,75.7382,164372.54571428572,137,1.733102334474537
Hassan,2021,22.87,64.1097046413502,22.87,599.177934208357,1369771.2142857143,13.0071,76.0962,164372.54571428572,137,1.6654512239407708
Chennai,2021,28.23,66.21095890410959,28.23,953.2861186467094,12336000.0,13.0878,80.2785,1480320.0,1234,2.745842314245932
Sagar,2021,24.31,64.94578313253012,24.31,580.0216972802828,481894.0,14.165,75.029,57827.28,48,1.804916210672926
Gadag,2021,25.12,42.73979591836735,25.12,607.3542764940538,1369771.2142857143,15.4298,75.6297,164372.54571428572,137,1.6288533475803835
Koppal,2021,25.67,65.71698113207547,25.67,631.8104976325554,1369771.2142857143,15.3452,76.1548,164372.54571428572,137,1.7935088295508868
Madikeri,2022,23.52,47.10041841004184,23.52,638.176394208952,1369771.2142857143,12.426,75.7382,219163.3942857143,137,1.6234275818513342
Hassan,2022,22.56,64.64732142857143,22.56,531.151067323754,1369771.2142857143,13.0071,76.0962,219163.3942857143,137,1.69093105862231
Chennai,2022,28.13,64.787072243346,28.13,1034.6027486430626,12336000.0,13.0878,80.2785,1973760.0,1234,3.050338685333352
Sagar,2022,23.96,77.16346153846153,23.96,618.0621853293064,481894.0,14.165,75.029,77103.04000000001,48,1.8777584779120335
Anantapur,2022,26.13,53.65,26.13,579.5675619079997,510372.0,14.6778,77.6081,81659.52000000002,51,1.7163918507350382
Gadag,2022,25.14,56.825581395348834,25.14,643.9317277852158,1369771.2142857143,15.4298,75.6297,219163.3942857143,137,1.7516604949774583
Koppal,2022,25.72,70.26666666666667,25.72,589.9786185530937,1369771.2142857143,15.3452,76.1548,219163.3942857143,137,1.858878918781186
Belgaum,2022,23.9,49.096774193548384,23.9,537.757738947792,799729.0,15.8521,74.5045,127956.64000000001,80,1.5871363387047501
Solapur,2020,26.66,82.63565891472868,26.66,725.532830588,1108180.0,17.6715,75.9104,88654.40000000001,111,1.8398394701698557
Solapur,2021,26.4,84.60119047619048,26.4,722.8448049611839,1108180.0,17.6715,75.9104,132981.6,111,1.8694870748406123
Bidar,2021,25.56,82.79775280898876,25.56,682.4596022174692,1369771.2142857143,17.9133,77.5301,164372.54571428572,137,1.8940138904272588
Belgaum,2022,23.9,49.096774193548384,23.9,573.6920653760056,799729.0,15.8521,74.5045,127956.64000000001,80,1.5871363387047501
Solapur,2022,26.31,80.97927461139896,26.31,590.8508171009576,1108180.0,17.6715,75.9104,177308.80000000002,111,1.8719132257456224
Bidar,2022,25.79,104.975,25.79,668.4349539768235,1369771.2142857143,17.9133,77.5301,219163.3942857143,137,2.075493366939913
Nashik,2020,24.27,73.14242424242424,24.27,601.4228740609402,2351140.0,19.9973,73.791,188091.2,235,1.8179284423014392
Jodhpur,2020,25.99,137.6543909348442,25.99,588.1057352267168,1664420.0,26.2684,73.0059,133153.6,166,2.3275305480878083
Jodhpur,2020,25.99,137.6543909348442,25.99,644.0765365166905,1664420.0,21.9017,70.0327,133153.6,166,2.3275305480878083
Jodhpur,2020,25.99,137.6543909348442,25.99,574.9582781672827,1664420.0,26.2684,73.0059,133153.6,166,2.3275305480878083
Jodhpur,2020,25.99,137.6543909348442,25.99,706.1980603118172,1664420.0,21.9017,70.0327,133153.6,166,2.3275305480878083
Pithampur,2020,25.31,99.88154269972452,25.31,595.0169972400025,1369771.2142857143,22.602,75.6965,109581.69714285716,137,1.95337665432197
Dewas,2020,24.61,100.68450704225351,24.61,641.5783426530973,396079.0,22.9659,76.0553,31686.320000000003,40,1.5457493691130595
Mandideep,2020,25.05,87.20612813370474,25.05,597.7566614134116,1369771.2142857143,23.0817,77.5333,109581.69714285716,137,1.864375997045446
Udaipur,2020,24.22,84.86797752808988,24.22,612.4102031766715,629951.0,27.723,75.4718,50396.08000000001,63,1.7799578502694358
Udaipur,2020,24.22,84.86797752808988,24.22,616.4065419014919,629951.0,24.5858,73.7135,50396.08000000001,63,1.7799578502694358
Udaipur,2020,24.22,84.86797752808988,24.22,562.128168328829,629951.0,23.5333,91.4833,50396.08000000001,63,1.7799578502694358
Udaipur,2020,24.22,84.86797752808988,24.22,679.8376941646837,629951.0,27.723,75.4718,50396.08000000001,63,1.7799578502694358
Udaipur,2020,24.22,84.86797752808988,24.22,650.6699235041672,629951.0,24.5858,73.7135,50396.08000000001,63,1.7799578502694358
Udaipur,2020,24.22,84.86797752808988,24.22,675.3248412346284,629951.0,23.5333,91.4833,50396.08000000001,63,1.7799578502694358
Udaipur,2020,24.22,84.86797752808988,24.22,668.6241025641473,629951.0,27.723,75.4718,50396.08000000001,63,1.7799578502694358
Udaipur,2020,24.22,84.86797752808988,24.22,624.0849968216628,629951.0,24.5858,73.7135,50396.08000000001,63,1.7799578502694358
Udaipur,2020,24.22,84.86797752808988,24.22,672.6811352534675,629951.0,23.5333,91.4833,50396.08000000001,63,1.7799578502694358
Nashik,2021,24.41,78.05015673981191,24.41,551.4738753077879,2351140.0,19.9973,73.791,282136.8,235,1.914557439164226
Jodhpur,2021,26.36,155.76666666666668,26.36,606.5974293628718,1664420.0,26.2684,73.0059,199730.4,166,2.4974778551828924
Jodhpur,2021,26.36,155.76666666666668,26.36,583.9840933365807,1664420.0,21.9017,70.0327,199730.4,166,2.4974778551828924
Jodhpur,2021,26.36,155.76666666666668,26.36,625.9995496144898,1664420.0,26.2684,73.0059,199730.4,166,2.4974778551828924
Jodhpur,2021,26.36,155.76666666666668,26.36,635.5015934534224,1664420.0,21.9017,70.0327,199730.4,166,2.4974778551828924
Pithampur,2021,25.74,107.35714285714286,25.74,605.5023547660843,1369771.2142857143,22.602,75.6965,164372.54571428572,137,2.0527947870779766
Dewas,2021,25.14,92.1508875739645,25.14,677.1106263727894,396079.0,22.9659,76.0553,47529.48,40,1.525777637508085
Mandideep,2021,25.48,92.61933534743203,25.48,613.1129990040384,1369771.2142857143,23.0817,77.5333,164372.54571428572,137,1.9510982846586469
Udaipur,2021,24.85,118.44662921348315,24.85,589.1401764531071,629951.0,27.723,75.4718,75594.12000000001,63,2.029463338704866
Udaipur,2021,24.85,118.44662921348315,24.85,628.4044124737372,629951.0,24.5858,73.7135,75594.12000000001,63,2.029463338704866
Udaipur,2021,24.85,118.44662921348315,24.85,568.1386337462144,629951.0,23.5333,91.4833,75594.12000000001,63,2.029463338704866
Udaipur,2021,24.85,118.44662921348315,24.85,667.329547113106,629951.0,27.723,75.4718,75594.12000000001,63,2.029463338704866
Udaipur,2021,24.85,118.44662921348315,24.85,558.1825965519656,629951.0,24.5858,73.7135,75594.12000000001,63,2.029463338704866
Udaipur,2021,24.85,118.44662921348315,24.85,695.0330404900776,629951.0,23.5333,91.4833,75594.12000000001,63,2.029463338704866
Udaipur,2021,24.85,118.44662921348315,24.85,662.8367153944986,629951.0,27.723,75.4718,75594.12000000001,63,2.029463338704866
Udaipur,2021,24.85,118.44662921348315,24.85,576.8073522301258,629951.0,24.5858,73.7135,75594.12000000001,63,2.029463338704866
Udaipur,2021,24.85,118.44662921348315,24.85,547.8283175685403,629951.0,23.5333,91.4833,75594.12000000001,63,2.029463338704866
Nashik,2022,24.12,67.7513812154696,24.12,654.7192142682252,2351140.0,19.9973,73.791,376182.4,235,1.8994304625033978
Jodhpur,2022,26.44,147.87550200803213,26.44,684.8286015771426,1664420.0,26.2684,73.0059,266307.2,166,2.495112730144312
Jodhpur,2022,26.44,147.87550200803213,26.44,688.1510752061481,1664420.0,21.9017,70.0327,266307.2,166,2.495112730144312
Jodhpur,2022,26.44,147.87550200803213,26.44,694.490552002892,1664420.0,26.2684,73.0059,266307.2,166,2.495112730144312
Jodhpur,2022,26.44,147.87550200803213,26.44,589.9066977601136,1664420.0,21.9017,70.0327,266307.2,166,2.495112730144312
Pithampur,2022,25.47,98.37795275590551,25.47,613.1698592816408,1369771.2142857143,22.602,75.6965,219163.3942857143,137,2.0213783414871376
Dewas,2022,24.98,94.74603174603175,24.98,566.9803589287694,396079.0,22.9659,76.0553,63372.64000000001,40,1.5451944098027768
Mandideep,2022,25.42,90.5921568627451,25.42,687.8655138813391,1369771.2142857143,23.0817,77.5333,219163.3942857143,137,1.971339849195434
Udaipur,2022,24.81,110.07377049180327,24.81,639.6947190241337,629951.0,27.723,75.4718,100792.16000000002,63,1.9924455149997198
Udaipur,2022,24.81,110.07377049180327,24.81,595.8347037278974,629951.0,24.5858,73.7135,100792.16000000002,63,1.9924455149997198
Udaipur,2022,24.81,110.07377049180327,24.81,555.7337525429035,629951.0,23.5333,91.4833,100792.16000000002,63,1.9924455149997198
Udaipur,2022,24.81,110.07377049180327,24.81,592.8473482573493,629951.0,27.723,75.4718,100792.16000000002,63,1.9924455149997198
Udaipur,2022,24.81,110.07377049180327,24.81,594.977498304012,629951.0,24.5858,73.7135,100792.16000000002,63,1.9924455149997198
Udaipur,2022,24.81,110.07377049180327,24.81,655.6409267507096,629951.0,23.5333,91.4833,100792.16000000002,63,1.9924455149997198
Udaipur,2022,24.81,110.07377049180327,24.81,641.8336207032819,629951.0,27.723,75.4718,100792.16000000002,63,1.9924455149997198
Udaipur,2022,24.81,110.07377049180327,24.81,679.281911386449,629951.0,24.5858,73.7135,100792.16000000002,63,1.9924455149997198
Udaipur,2022,24.81,110.07377049180327,24.81,617.0322387742924,629951.0,23.5333,91.4833,100792.16000000002,63,1.9924455149997198
Durgapur,2020,26.63,213.46666666666667,26.63,600.5391368907453,740728.0,23.5158,87.308,59258.240000000005,74,2.7156803853804656
Durgapur,2020,26.63,213.46666666666667,26.63,689.5867180834493,740728.0,20.0054,79.3027,59258.240000000005,74,2.7156803853804656
Durgapur,2020,26.63,213.46666666666667,26.63,696.7177572925347,740728.0,23.5158,87.308,59258.240000000005,74,2.7156803853804656
Durgapur,2020,26.63,213.46666666666667,26.63,666.7915796354245,740728.0,20.0054,79.3027,59258.240000000005,74,2.7156803853804656
Kota,2020,23.87,89.23249299719888,23.87,643.0450769931842,1599350.0,25.1825,75.8391,127948.0,160,1.8306032879944156
Kota,2020,23.87,89.23249299719888,23.87,601.4693394546587,1599350.0,24.4464,83.1306,127948.0,160,1.8306032879944156
Kota,2020,23.87,89.23249299719888,23.87,605.8099244072991,1599350.0,22.2951,82.0237,127948.0,160,1.8306032879944156
Kota,2020,23.87,89.23249299719888,23.87,591.5311527537825,1599350.0,25.1825,75.8391,127948.0,160,1.8306032879944156
Kota,2020,23.87,89.23249299719888,23.87,531.2128690116143,1599350.0,24.4464,83.1306,127948.0,160,1.8306032879944156
Kota,2020,23.87,89.23249299719888,23.87,543.5837140489957,1599350.0,22.2951,82.0237,127948.0,160,1.8306032879944156
Kota,2020,23.87,89.23249299719888,23.87,532.1143778530102,1599350.0,25.1825,75.8391,127948.0,160,1.8306032879944156
Kota,2020,23.87,89.23249299719888,23.87,622.8615616895671,1599350.0,24.4464,83.1306,127948.0,160,1.8306032879944156
Kota,2020,23.87,89.23249299719888,23.87,574.5533971614491,1599350.0,22.2951,82.0237,127948.0,160,1.8306032879944156
Damoh,2020,24.67,80.89877300613497,24.67,619.6856036747055,1369771.2142857143,23.8331,79.4419,109581.69714285716,137,1.8095122088096205
Singrauli,2020,24.11,158.2046783625731,24.11,668.3349710889139,1369771.2142857143,24.1997,82.6753,109581.69714285716,137,2.261765467399018
Singrauli,2020,24.28,158.2046783625731,24.28,572.9938343723313,1369771.2142857143,24.1997,82.6753,109581.69714285716,137,2.2689396740161687
Kota,2020,24.45,89.23249299719888,24.45,600.5574384553445,1599350.0,25.1825,75.8391,127948.0,160,1.8550799929235176
Kota,2020,24.45,89.23249299719888,24.45,652.3326707814573,1599350.0,24.4464,83.1306,127948.0,160,1.8550799929235176
Kota,2020,24.45,89.23249299719888,24.45,573.3197248237434,1599350.0,22.2951,82.0237,127948.0,160,1.8550799929235176
Kota,2020,24.45,89.23249299719888,24.45,550.5469864743189,1599350.0,25.1825,75.8391,127948.0,160,1.8550799929235176
Kota,2020,24.45,89.23249299719888,24.45,582.4627179370652,1599350.0,24.4464,83.1306,127948.0,160,1.8550799929235176
Kota,2020,24.45,89.23249299719888,24.45,563.1831930881007,1599350.0,22.2951,82.0237,127948.0,160,1.8550799929235176
Kota,2020,24.45,89.23249299719888,24.45,678.454647851386,1599350.0,25.1825,75.8391,127948.0,160,1.8550799929235176
Kota,2020,24.45,89.23249299719888,24.45,660.2180569346625,1599350.0,24.4464,83.1306,127948.0,160,1.8550799929235176
Kota,2020,24.45,89.23249299719888,24.45,634.0105634765634,1599350.0,22.2951,82.0237,127948.0,160,1.8550799929235176
Aurangabad,2020,24.75,69.21594684385381,24.75,675.7190885281577,1767330.0,24.752,84.3742,141386.4,177,1.7150848477638014
Aurangabad,2020,24.75,69.21594684385381,24.75,665.5508115348672,1767330.0,19.8776,75.3423,141386.4,177,1.7150848477638014
Aurangabad,2020,24.75,69.21594684385381,24.75,572.9855088329053,1767330.0,24.752,84.3742,141386.4,177,1.7150848477638014
Aurangabad,2020,24.75,69.21594684385381,24.75,678.8838497734966,1767330.0,19.8776,75.3423,141386.4,177,1.7150848477638014
Durgapur,2021,27.03,178.17006802721087,27.03,671.5013362873476,740728.0,23.5158,87.308,88887.36,74,2.5343427416624444
Durgapur,2021,27.03,178.17006802721087,27.03,711.7160232746094,740728.0,20.0054,79.3027,88887.36,74,2.5343427416624444
Durgapur,2021,27.03,178.17006802721087,27.03,725.013694988524,740728.0,23.5158,87.308,88887.36,74,2.5343427416624444
Durgapur,2021,27.03,178.17006802721087,27.03,638.3005212457796,740728.0,20.0054,79.3027,88887.36,74,2.5343427416624444
Kota,2021,24.76,124.3109243697479,24.76,561.7077886791516,1599350.0,25.1825,75.8391,191922.0,160,2.125262204441523
Kota,2021,24.76,124.3109243697479,24.76,579.3902743812913,1599350.0,24.4464,83.1306,191922.0,160,2.125262204441523
Kota,2021,24.76,124.3109243697479,24.76,609.2661682939384,1599350.0,22.2951,82.0237,191922.0,160,2.125262204441523
Kota,2021,24.76,124.3109243697479,24.76,667.902214888374,1599350.0,25.1825,75.8391,191922.0,160,2.125262204441523
Kota,2021,24.76,124.3109243697479,24.76,674.3095874884516,1599350.0,24.4464,83.1306,191922.0,160,2.125262204441523
Kota,2021,24.76,124.3109243697479,24.76,546.2428195796787,1599350.0,22.2951,82.0237,191922.0,160,2.125262204441523
Kota,2021,24.76,124.3109243697479,24.76,621.812095386635,1599350.0,25.1825,75.8391,191922.0,160,2.125262204441523
Kota,2021,24.76,124.3109243697479,24.76,607.8116504723168,1599350.0,24.4464,83.1306,191922.0,160,2.125262204441523
Kota,2021,24.76,124.3109243697479,24.76,578.5161715706096,1599350.0,22.2951,82.0237,191922.0,160,2.125262204441523
Damoh,2021,25.13,80.37037037037037,25.13,570.5798051000523,1369771.2142857143,23.8331,79.4419,164372.54571428572,137,1.8609246908372707
Singrauli,2021,24.84,177.07471264367817,24.84,597.4422757105442,1369771.2142857143,24.1997,82.6753,164372.54571428572,137,2.4439867431256115
Singrauli,2021,25.1,177.07471264367817,25.1,693.4364555868779,1369771.2142857143,24.1997,82.6753,164372.54571428572,137,2.454959059128312
Kota,2021,25.22,124.3109243697479,25.22,602.8804398031133,1599350.0,25.1825,75.8391,191922.0,160,2.1446747635232244
Kota,2021,25.22,124.3109243697479,25.22,632.2185932615049,1599350.0,24.4464,83.1306,191922.0,160,2.1446747635232244
Kota,2021,25.22,124.3109243697479,25.22,659.8528438342767,1599350.0,22.2951,82.0237,191922.0,160,2.1446747635232244
Kota,2021,25.22,124.3109243697479,25.22,608.9444403568941,1599350.0,25.1825,75.8391,191922.0,160,2.1446747635232244
Kota,2021,25.22,124.3109243697479,25.22,700.1673124081441,1599350.0,24.4464,83.1306,191922.0,160,2.1446747635232244
Kota,2021,25.22,124.3109243697479,25.22,698.7670942413167,1599350.0,22.2951,82.0237,191922.0,160,2.1446747635232244
Kota,2021,25.22,124.3109243697479,25.22,592.1673443738046,1599350.0,25.1825,75.8391,191922.0,160,2.1446747635232244
Kota,2021,25.22,124.3109243697479,25.22,628.9872758838578,1599350.0,24.4464,83.1306,191922.0,160,2.1446747635232244
Kota,2021,25.22,124.3109243697479,25.22,599.5317464725155,1599350.0,22.2951,82.0237,191922.0,160,2.1446747635232244
Aurangabad,2021,25.37,84.10041841004184,25.37,600.1260741566202,1767330.0,24.752,84.3742,212079.6,177,1.8783609933810292
Aurangabad,2021,25.37,84.10041841004184,25.37,562.93304210318,1767330.0,19.8776,75.3423,212079.6,177,1.8783609933810292
Aurangabad,2021,25.37,84.10041841004184,25.37,648.8346500969845,1767330.0,24.752,84.3742,212079.6,177,1.8783609933810292
Aurangabad,2021,25.37,84.10041841004184,25.37,632.8018534843293,1767330.0,19.8776,75.3423,212079.6,177,1.8783609933810292
Durgapur,2022,26.98,169.60199004975124,26.98,597.3218126874984,740728.0,23.5158,87.308,118516.48000000001,74,2.4985521384143796
Durgapur,2022,26.98,169.60199004975124,26.98,631.3969696354917,740728.0,20.0054,79.3027,118516.48000000001,74,2.4985521384143796
Durgapur,2022,26.98,169.60199004975124,26.98,725.839882894998,740728.0,23.5158,87.308,118516.48000000001,74,2.4985521384143796
Durgapur,2022,26.98,169.60199004975124,26.98,625.5342836000459,740728.0,20.0054,79.3027,118516.48000000001,74,2.4985521384143796
Kota,2022,24.83,118.47859922178988,24.83,568.3342308136835,1599350.0,25.1825,75.8391,255896.0,160,2.1334743833160683
Kota,2022,24.83,118.47859922178988,24.83,620.0179140416344,1599350.0,24.4464,83.1306,255896.0,160,2.1334743833160683
Kota,2022,24.83,118.47859922178988,24.83,694.4475681165901,1599350.0,22.2951,82.0237,255896.0,160,2.1334743833160683
Kota,2022,24.83,118.47859922178988,24.83,582.908290726725,1599350.0,25.1825,75.8391,255896.0,160,2.1334743833160683
Kota,2022,24.83,118.47859922178988,24.83,647.4203321108818,1599350.0,24.4464,83.1306,255896.0,160,2.1334743833160683
Kota,2022,24.83,118.47859922178988,24.83,660.8429422993077,1599350.0,22.2951,82.0237,255896.0,160,2.1334743833160683
Kota,2022,24.83,118.47859922178988,24.83,582.24563159886,1599350.0,25.1825,75.8391,255896.0,160,2.1334743833160683
Kota,2022,24.83,118.47859922178988,24.83,655.832452291779,1599350.0,24.4464,83.1306,255896.0,160,2.1334743833160683
Kota,2022,24.83,118.47859922178988,24.83,601.767469907888,1599350.0,22.2951,82.0237,255896.0,160,2.1334743833160683
Damoh,2022,25.22,62.652582159624416,25.22,649.2458745890369,1369771.2142857143,23.8331,79.4419,219163.3942857143,137,1.7909069143882328
Singrauli,2022,25.19,198.908,25.19,648.8294566141342,1369771.2142857143,24.1997,82.6753,219163.3942857143,137,2.628412989740214
Singrauli,2022,25.56,198.908,25.56,641.5662026112137,1369771.2142857143,24.1997,82.6753,219163.3942857143,137,2.6440274394363654
Kota,2022,25.81,118.47859922178988,25.81,579.7434655081612,1599350.0,25.1825,75.8391,255896.0,160,2.1748315744031714
Kota,2022,25.81,118.47859922178988,25.81,691.4953743383857,1599350.0,24.4464,83.1306,255896.0,160,2.1748315744031714
Kota,2022,25.81,118.47859922178988,25.81,614.3170097457603,1599350.0,22.2951,82.0237,255896.0,160,2.1748315744031714
Kota,2022,25.81,118.47859922178988,25.81,594.177776559978,1599350.0,25.1825,75.8391,255896.0,160,2.1748315744031714
Kota,2022,25.81,118.47859922178988,25.81,572.3162712332145,1599350.0,24.4464,83.1306,255896.0,160,2.1748315744031714
Kota,2022,25.81,118.47859922178988,25.81,654.8339414782362,1599350.0,22.2951,82.0237,255896.0,160,2.1748315744031714
Kota,2022,25.81,118.47859922178988,25.81,667.8346542763422,1599350.0,25.1825,75.8391,255896.0,160,2.1748315744031714
Kota,2022,25.81,118.47859922178988,25.81,568.6881743391783,1599350.0,24.4464,83.1306,255896.0,160,2.1748315744031714
Kota,2022,25.81,118.47859922178988,25.81,643.0139587448921,1599350.0,22.2951,82.0237,255896.0,160,2.1748315744031714
Aurangabad,2022,26.19,137.68333333333334,26.19,607.7743662796908,1767330.0,24.752,84.3742,282772.8,177,2.2883003868796936
Aurangabad,2022,26.19,137.68333333333334,26.19,670.5759185614176,1767330.0,19.8776,75.3423,282772.8,177,2.2883003868796936
Aurangabad,2022,26.19,137.68333333333334,26.19,599.9549643507488,1767330.0,24.752,84.3742,282772.8,177,2.2883003868796936
Aurangabad,2022,26.19,137.68333333333334,26.19,677.44066071537,1767330.0,19.8776,75.3423,282772.8,177,2.2883003868796936
Udaipur,2020,24.22,84.86797752808988,24.22,592.4103019450806,629951.0,27.723,75.4718,50396.08000000001,63,1.7799578502694358
Udaipur,2020,24.22,84.86797752808988,24.22,674.9094983105101,629951.0,24.5858,73.7135,50396.08000000001,63,1.7799578502694358
Udaipur,2020,24.22,84.86797752808988,24.22,555.028141621899,629951.0,23.5333,91.4833,50396.08000000001,63,1.7799578502694358
Udaipur,2020,24.22,84.86797752808988,24.22,585.5599526575388,629951.0,27.723,75.4718,50396.08000000001,63,1.7799578502694358
Udaipur,2020,24.22,84.86797752808988,24.22,551.4210281860883,629951.0,24.5858,73.7135,50396.08000000001,63,1.7799578502694358
Udaipur,2020,24.22,84.86797752808988,24.22,673.1040427417844,629951.0,23.5333,91.4833,50396.08000000001,63,1.7799578502694358
Udaipur,2020,24.22,84.86797752808988,24.22,666.0009030071471,629951.0,27.723,75.4718,50396.08000000001,63,1.7799578502694358
Udaipur,2020,24.22,84.86797752808988,24.22,573.0912441572733,629951.0,24.5858,73.7135,50396.08000000001,63,1.7799578502694358
Udaipur,2020,24.22,84.86797752808988,24.22,633.3976069051268,629951.0,23.5333,91.4833,50396.08000000001,63,1.7799578502694358
Jodhpur,2020,26.3,137.6543909348442,26.3,698.5833300301824,1664420.0,26.2684,73.0059,133153.6,166,2.3406129248602596
Jodhpur,2020,26.3,137.6543909348442,26.3,659.2801217399194,1664420.0,21.9017,70.0327,133153.6,166,2.3406129248602596
Jodhpur,2020,26.3,137.6543909348442,26.3,655.447586753401,1664420.0,26.2684,73.0059,133153.6,166,2.3406129248602596
Jodhpur,2020,26.3,137.6543909348442,26.3,612.2778436350677,1664420.0,21.9017,70.0327,133153.6,166,2.3406129248602596
Jodhpur,2020,26.48,137.6543909348442,26.48,593.5654151708849,1664420.0,26.2684,73.0059,133153.6,166,2.3482091436313604
Jodhpur,2020,26.48,137.6543909348442,26.48,714.182363692999,1664420.0,21.9017,70.0327,133153.6,166,2.3482091436313604
Jodhpur,2020,26.48,137.6543909348442,26.48,714.6627085744996,1664420.0,26.2684,73.0059,133153.6,166,2.3482091436313604
Jodhpur,2020,26.48,137.6543909348442,26.48,674.5652185909902,1664420.0,21.9017,70.0327,133153.6,166,2.3482091436313604
Jodhpur,2020,26.16,137.6543909348442,26.16,624.0544686573052,1664420.0,26.2684,73.0059,133153.6,166,2.3347047547049593
Jodhpur,2020,26.16,137.6543909348442,26.16,625.5814361918992,1664420.0,21.9017,70.0327,133153.6,166,2.3347047547049593
Jodhpur,2020,26.16,137.6543909348442,26.16,682.093351830536,1664420.0,26.2684,73.0059,133153.6,166,2.3347047547049593
Jodhpur,2020,26.16,137.6543909348442,26.16,707.7665389928866,1664420.0,21.9017,70.0327,133153.6,166,2.3347047547049593
Jaipur,2020,25.1,104.00273224043715,25.1,685.0629636397675,4411110.0,26.9196,75.7878,352888.80000000005,441,2.1408951551736384
Udaipur,2021,24.85,118.44662921348315,24.85,663.9813318786436,629951.0,27.723,75.4718,75594.12000000001,63,2.029463338704866
Udaipur,2021,24.85,118.44662921348315,24.85,643.3047469231432,629951.0,24.5858,73.7135,75594.12000000001,63,2.029463338704866
Udaipur,2021,24.85,118.44662921348315,24.85,559.6209947492573,629951.0,23.5333,91.4833,75594.12000000001,63,2.029463338704866
Udaipur,2021,24.85,118.44662921348315,24.85,571.2443071141921,629951.0,27.723,75.4718,75594.12000000001,63,2.029463338704866
Udaipur,2021,24.85,118.44662921348315,24.85,681.7831282790619,629951.0,24.5858,73.7135,75594.12000000001,63,2.029463338704866
Udaipur,2021,24.85,118.44662921348315,24.85,637.9643589489385,629951.0,23.5333,91.4833,75594.12000000001,63,2.029463338704866
Udaipur,2021,24.85,118.44662921348315,24.85,548.3795577424944,629951.0,27.723,75.4718,75594.12000000001,63,2.029463338704866
Udaipur,2021,24.85,118.44662921348315,24.85,562.2207314299048,629951.0,24.5858,73.7135,75594.12000000001,63,2.029463338704866
Udaipur,2021,24.85,118.44662921348315,24.85,646.5252653662084,629951.0,23.5333,91.4833,75594.12000000001,63,2.029463338704866
Jodhpur,2021,27.29,155.76666666666668,27.29,596.5592375769328,1664420.0,26.2684,73.0059,199730.4,166,2.536724985500246
Jodhpur,2021,27.29,155.76666666666668,27.29,619.9212077126248,1664420.0,21.9017,70.0327,199730.4,166,2.536724985500246
Jodhpur,2021,27.29,155.76666666666668,27.29,678.1100684049879,1664420.0,26.2684,73.0059,199730.4,166,2.536724985500246
Jodhpur,2021,27.29,155.76666666666668,27.29,699.5842796539039,1664420.0,21.9017,70.0327,199730.4,166,2.536724985500246
Jodhpur,2021,27.42,155.76666666666668,27.42,696.1941889253901,1664420.0,26.2684,73.0059,199730.4,166,2.542211143501596
Jodhpur,2021,27.42,155.76666666666668,27.42,632.0403964190841,1664420.0,21.9017,70.0327,199730.4,166,2.542211143501596
Jodhpur,2021,27.42,155.76666666666668,27.42,705.2268832021305,1664420.0,26.2684,73.0059,199730.4,166,2.542211143501596
Jodhpur,2021,27.42,155.76666666666668,27.42,633.9873631245201,1664420.0,21.9017,70.0327,199730.4,166,2.542211143501596
Jodhpur,2021,27.14,155.76666666666668,27.14,641.6099547238902,1664420.0,26.2684,73.0059,199730.4,166,2.5303948031909953
Jodhpur,2021,27.14,155.76666666666668,27.14,704.7737107677035,1664420.0,21.9017,70.0327,199730.4,166,2.5303948031909953
Jodhpur,2021,27.14,155.76666666666668,27.14,690.2449348570822,1664420.0,26.2684,73.0059,199730.4,166,2.5303948031909953
Jodhpur,2021,27.14,155.76666666666668,27.14,720.1835115741267,1664420.0,21.9017,70.0327,199730.4,166,2.5303948031909953
Jaipur,2021,25.21,122.05205479452054,25.21,652.8419338450516,4411110.0,26.9196,75.7878,529333.2,441,2.3701719785203985
Udaipur,2022,24.81,110.07377049180327,24.81,631.4462905003207,629951.0,27.723,75.4718,100792.16000000002,63,1.9924455149997198
Udaipur,2022,24.81,110.07377049180327,24.81,560.2512151742138,629951.0,24.5858,73.7135,100792.16000000002,63,1.9924455149997198
Udaipur,2022,24.81,110.07377049180327,24.81,601.357370458915,629951.0,23.5333,91.4833,100792.16000000002,63,1.9924455149997198
Udaipur,2022,24.81,110.07377049180327,24.81,585.9803551522588,629951.0,27.723,75.4718,100792.16000000002,63,1.9924455149997198
Udaipur,2022,24.81,110.07377049180327,24.81,582.7984465068625,629951.0,24.5858,73.7135,100792.16000000002,63,1.9924455149997198
Udaipur,2022,24.81,110.07377049180327,24.81,692.1515832128669,629951.0,23.5333,91.4833,100792.16000000002,63,1.9924455149997198
Udaipur,2022,24.81,110.07377049180327,24.81,605.1646587000141,629951.0,27.723,75.4718,100792.16000000002,63,1.9924455149997198
Udaipur,2022,24.81,110.07377049180327,24.81,680.006983276567,629951.0,24.5858,73.7135,100792.16000000002,63,1.9924455149997198
Udaipur,2022,24.81,110.07377049180327,24.81,640.8707938995894,629951.0,23.5333,91.4833,100792.16000000002,63,1.9924455149997198
Jodhpur,2022,26.9,147.87550200803213,26.9,707.2216955312473,1664420.0,26.2684,73.0059,266307.2,166,2.5145252892260133
Jodhpur,2022,26.9,147.87550200803213,26.9,663.3955639657788,1664420.0,21.9017,70.0327,266307.2,166,2.5145252892260133
Jodhpur,2022,26.9,147.87550200803213,26.9,674.5355826939539,1664420.0,26.2684,73.0059,266307.2,166,2.5145252892260133
Jodhpur,2022,26.9,147.87550200803213,26.9,661.8776540728296,1664420.0,21.9017,70.0327,266307.2,166,2.5145252892260133
Jodhpur,2022,27.16,147.87550200803213,27.16,622.4864481697067,1664420.0,26.2684,73.0059,266307.2,166,2.525497605228714
Jodhpur,2022,27.16,147.87550200803213,27.16,701.5678172892258,1664420.0,21.9017,70.0327,266307.2,166,2.525497605228714
Jodhpur,2022,27.16,147.87550200803213,27.16,635.3158543661284,1664420.0,26.2684,73.0059,266307.2,166,2.525497605228714
Jodhpur,2022,27.16,147.87550200803213,27.16,596.8473949647181,1664420.0,21.9017,70.0327,266307.2,166,2.525497605228714
Jodhpur,2022,26.84,147.87550200803213,26.84,683.6208443860751,1664420.0,26.2684,73.0059,266307.2,166,2.511993216302313
Jodhpur,2022,26.84,147.87550200803213,26.84,613.3666019110573,1664420.0,21.9017,70.0327,266307.2,166,2.511993216302313
Jodhpur,2022,26.84,147.87550200803213,26.84,727.868787652937,1664420.0,26.2684,73.0059,266307.2,166,2.511993216302313
Jodhpur,2022,26.84,147.87550200803213,26.84,729.8892865503881,1664420.0,21.9017,70.0327,266307.2,166,2.511993216302313
Jaipur,2022,25.41,123.25954198473282,25.41,695.4296585330673,4411110.0,26.9196,75.7878,705777.6000000001,441,2.4995705801469295
Durgapur,2020,26.63,213.46666666666667,26.63,638.1238050383167,740728.0,23.5158,87.308,59258.240000000005,74,2.7156803853804656
Durgapur,2020,26.63,213.46666666666667,26.63,584.9184924793301,740728.0,20.0054,79.3027,59258.240000000005,74,2.7156803853804656
Durgapur,2020,26.63,213.46666666666667,26.63,721.8477843881589,740728.0,23.5158,87.308,59258.240000000005,74,2.7156803853804656
Durgapur,2020,26.63,213.46666666666667,26.63,646.8276222475972,740728.0,20.0054,79.3027,59258.240000000005,74,2.7156803853804656
Kota,2020,23.87,89.23249299719888,23.87,672.3982228565504,1599350.0,25.1825,75.8391,127948.0,160,1.8306032879944156
Kota,2020,23.87,89.23249299719888,23.87,671.942996563388,1599350.0,24.4464,83.1306,127948.0,160,1.8306032879944156
Kota,2020,23.87,89.23249299719888,23.87,655.351418320104,1599350.0,22.2951,82.0237,127948.0,160,1.8306032879944156
Kota,2020,23.87,89.23249299719888,23.87,571.5673338104378,1599350.0,25.1825,75.8391,127948.0,160,1.8306032879944156
Kota,2020,23.87,89.23249299719888,23.87,585.1646592902888,1599350.0,24.4464,83.1306,127948.0,160,1.8306032879944156
Kota,2020,23.87,89.23249299719888,23.87,655.0705007275285,1599350.0,22.2951,82.0237,127948.0,160,1.8306032879944156
Kota,2020,23.87,89.23249299719888,23.87,574.9383007734417,1599350.0,25.1825,75.8391,127948.0,160,1.8306032879944156
Kota,2020,23.87,89.23249299719888,23.87,552.8239120029139,1599350.0,24.4464,83.1306,127948.0,160,1.8306032879944156
Kota,2020,23.87,89.23249299719888,23.87,610.9201893687525,1599350.0,22.2951,82.0237,127948.0,160,1.8306032879944156
Damoh,2020,24.67,80.89877300613497,24.67,683.8232161241172,1369771.2142857143,23.8331,79.4419,109581.69714285716,137,1.8095122088096205
Singrauli,2020,24.11,158.2046783625731,24.11,636.604469501246,1369771.2142857143,24.1997,82.6753,109581.69714285716,137,2.261765467399018
Singrauli,2020,24.28,158.2046783625731,24.28,621.1091755134048,1369771.2142857143,24.1997,82.6753,109581.69714285716,137,2.2689396740161687
Kota,2020,24.45,89.23249299719888,24.45,553.5764740656152,1599350.0,25.1825,75.8391,127948.0,160,1.8550799929235176
Kota,2020,24.45,89.23249299719888,24.45,631.2510840048755,1599350.0,24.4464,83.1306,127948.0,160,1.8550799929235176
Kota,2020,24.45,89.23249299719888,24.45,687.5080775156395,1599350.0,22.2951,82.0237,127948.0,160,1.8550799929235176
Kota,2020,24.45,89.23249299719888,24.45,560.0126022854786,1599350.0,25.1825,75.8391,127948.0,160,1.8550799929235176
Kota,2020,24.45,89.23249299719888,24.45,616.7494478545605,1599350.0,24.4464,83.1306,127948.0,160,1.8550799929235176
Kota,2020,24.45,89.23249299719888,24.45,670.6059607891933,1599350.0,22.2951,82.0237,127948.0,160,1.8550799929235176
Kota,2020,24.45,89.23249299719888,24.45,650.1152926631307,1599350.0,25.1825,75.8391,127948.0,160,1.8550799929235176
Kota,2020,24.45,89.23249299719888,24.45,643.5523611492902,1599350.0,24.4464,83.1306,127948.0,160,1.8550799929235176
Kota,2020,24.45,89.23249299719888,24.45,644.3726125980663,1599350.0,22.2951,82.0237,127948.0,160,1.8550799929235176
Aurangabad,2020,24.75,69.21594684385381,24.75,598.9236726829632,1767330.0,24.752,84.3742,141386.4,177,1.7150848477638014
Aurangabad,2020,24.75,69.21594684385381,24.75,589.038776639674,1767330.0,19.8776,75.3423,141386.4,177,1.7150848477638014
Aurangabad,2020,24.75,69.21594684385381,24.75,666.4041733217771,1767330.0,24.752,84.3742,141386.4,177,1.7150848477638014
Aurangabad,2020,24.75,69.21594684385381,24.75,666.517009201877,1767330.0,19.8776,75.3423,141386.4,177,1.7150848477638014
Durgapur,2021,27.03,178.17006802721087,27.03,720.6608477870155,740728.0,23.5158,87.308,88887.36,74,2.5343427416624444
Durgapur,2021,27.03,178.17006802721087,27.03,727.5860828834707,740728.0,20.0054,79.3027,88887.36,74,2.5343427416624444
Durgapur,2021,27.03,178.17006802721087,27.03,667.3013598291407,740728.0,23.5158,87.308,88887.36,74,2.5343427416624444
Durgapur,2021,27.03,178.17006802721087,27.03,665.82744420308,740728.0,20.0054,79.3027,88887.36,74,2.5343427416624444
Kota,2021,24.76,124.3109243697479,24.76,664.9442768450162,1599350.0,25.1825,75.8391,191922.0,160,2.125262204441523
Kota,2021,24.76,124.3109243697479,24.76,642.6945896166649,1599350.0,24.4464,83.1306,191922.0,160,2.125262204441523
Kota,2021,24.76,124.3109243697479,24.76,650.4950315886556,1599350.0,22.2951,82.0237,191922.0,160,2.125262204441523
Kota,2021,24.76,124.3109243697479,24.76,664.5689004154152,1599350.0,25.1825,75.8391,191922.0,160,2.125262204441523
Kota,2021,24.76,124.3109243697479,24.76,678.700801272635,1599350.0,24.4464,83.1306,191922.0,160,2.125262204441523
Kota,2021,24.76,124.3109243697479,24.76,595.8992735277304,1599350.0,22.2951,82.0237,191922.0,160,2.125262204441523
Kota,2021,24.76,124.3109243697479,24.76,601.5374428959916,1599350.0,25.1825,75.8391,191922.0,160,2.125262204441523
Kota,2021,24.76,124.3109243697479,24.76,559.2972909761304,1599350.0,24.4464,83.1306,191922.0,160,2.125262204441523
Kota,2021,24.76,124.3109243697479,24.76,631.9420211494262,1599350.0,22.2951,82.0237,191922.0,160,2.125262204441523
Damoh,2021,25.13,80.37037037037037,25.13,557.9913410695112,1369771.2142857143,23.8331,79.4419,164372.54571428572,137,1.8609246908372707
Singrauli,2021,24.84,177.07471264367817,24.84,616.6397027198691,1369771.2142857143,24.1997,82.6753,164372.54571428572,137,2.4439867431256115
Singrauli,2021,25.1,177.07471264367817,25.1,633.3966952061364,1369771.2142857143,24.1997,82.6753,164372.54571428572,137,2.454959059128312
Kota,2021,25.22,124.3109243697479,25.22,597.3811878192427,1599350.0,25.1825,75.8391,191922.0,160,2.1446747635232244
Kota,2021,25.22,124.3109243697479,25.22,643.0249890853515,1599350.0,24.4464,83.1306,191922.0,160,2.1446747635232244
Kota,2021,25.22,124.3109243697479,25.22,558.9750374908574,1599350.0,22.2951,82.0237,191922.0,160,2.1446747635232244
Kota,2021,25.22,124.3109243697479,25.22,560.0022283123822,1599350.0,25.1825,75.8391,191922.0,160,2.1446747635232244
Kota,2021,25.22,124.3109243697479,25.22,677.7900840989487,1599350.0,24.4464,83.1306,191922.0,160,2.1446747635232244
Kota,2021,25.22,124.3109243697479,25.22,608.4285962116894,1599350.0,22.2951,82.0237,191922.0,160,2.1446747635232244
Kota,2021,25.22,124.3109243697479,25.22,573.4590768977827,1599350.0,25.1825,75.8391,191922.0,160,2.1446747635232244
Kota,2021,25.22,124.3109243697479,25.22,632.7364890082206,1599350.0,24.4464,83.1306,191922.0,160,2.1446747635232244
Kota,2021,25.22,124.3109243697479,25.22,669.8990329647916,1599350.0,22.2951,82.0237,191922.0,160,2.1446747635232244
Aurangabad,2021,25.37,84.10041841004184,25.37,589.7731541245265,1767330.0,24.752,84.3742,212079.6,177,1.8783609933810292
Aurangabad,2021,25.37,84.10041841004184,25.37,650.8335713728501,1767330.0,19.8776,75.3423,212079.6,177,1.8783609933810292
Aurangabad,2021,25.37,84.10041841004184,25.37,570.2021197490652,1767330.0,24.752,84.3742,212079.6,177,1.8783609933810292
Aurangabad,2021,25.37,84.10041841004184,25.37,565.1522581752912,1767330.0,19.8776,75.3423,212079.6,177,1.8783609933810292
Durgapur,2022,26.98,169.60199004975124,26.98,669.3031947352222,740728.0,23.5158,87.308,118516.48000000001,74,2.4985521384143796
Durgapur,2022,26.98,169.60199004975124,26.98,670.695268241516,740728.0,20.0054,79.3027,118516.48000000001,74,2.4985521384143796
Durgapur,2022,26.98,169.60199004975124,26.98,685.214485224731,740728.0,23.5158,87.308,118516.48000000001,74,2.4985521384143796
Durgapur,2022,26.98,169.60199004975124,26.98,698.5137000583993,740728.0,20.0054,79.3027,118516.48000000001,74,2.4985521384143796
Kota,2022,24.83,118.47859922178988,24.83,692.9778119193802,1599350.0,25.1825,75.8391,255896.0,160,2.1334743833160683
Kota,2022,24.83,118.47859922178988,24.83,624.0450522451792,1599350.0,24.4464,83.1306,255896.0,160,2.1334743833160683
Kota,2022,24.83,118.47859922178988,24.83,595.0434709411868,1599350.0,22.2951,82.0237,255896.0,160,2.1334743833160683
Kota,2022,24.83,118.47859922178988,24.83,665.8779292153056,1599350.0,25.1825,75.8391,255896.0,160,2.1334743833160683
Kota,2022,24.83,118.47859922178988,24.83,587.2248376893111,1599350.0,24.4464,83.1306,255896.0,160,2.1334743833160683
Kota,2022,24.83,118.47859922178988,24.83,612.4457131058454,1599350.0,22.2951,82.0237,255896.0,160,2.1334743833160683
Kota,2022,24.83,118.47859922178988,24.83,558.3684572013399,1599350.0,25.1825,75.8391,255896.0,160,2.1334743833160683
Kota,2022,24.83,118.47859922178988,24.83,550.4026115123186,1599350.0,24.4464,83.1306,255896.0,160,2.1334743833160683
Kota,2022,24.83,118.47859922178988,24.83,690.9972622016887,1599350.0,22.2951,82.0237,255896.0,160,2.1334743833160683
Damoh,2022,25.22,62.652582159624416,25.22,679.7970180768309,1369771.2142857143,23.8331,79.4419,219163.3942857143,137,1.7909069143882328
Singrauli,2022,25.19,198.908,25.19,658.1961309140547,1369771.2142857143,24.1997,82.6753,219163.3942857143,137,2.628412989740214
Singrauli,2022,25.56,198.908,25.56,622.5429416621405,1369771.2142857143,24.1997,82.6753,219163.3942857143,137,2.6440274394363654
Kota,2022,25.81,118.47859922178988,25.81,592.1941480106268,1599350.0,25.1825,75.8391,255896.0,160,2.1748315744031714
Kota,2022,25.81,118.47859922178988,25.81,589.6655564006628,1599350.0,24.4464,83.1306,255896.0,160,2.1748315744031714
Kota,2022,25.81,118.47859922178988,25.81,603.7364347246893,1599350.0,22.2951,82.0237,255896.0,160,2.1748315744031714
Kota,2022,25.81,118.47859922178988,25.81,648.583999705918,1599350.0,25.1825,75.8391,255896.0,160,2.1748315744031714
Kota,2022,25.81,118.47859922178988,25.81,673.3893884050093,1599350.0,24.4464,83.1306,255896.0,160,2.1748315744031714
Kota,2022,25.81,118.47859922178988,25.81,665.2296065076596,1599350.0,22.2951,82.0237,255896.0,160,2.1748315744031714
Kota,2022,25.81,118.47859922178988,25.81,608.1900845418913,1599350.0,25.1825,75.8391,255896.0,160,2.1748315744031714
Kota,2022,25.81,118.47859922178988,25.81,709.4297920994791,1599350.0,24.4464,83.1306,255896.0,160,2.1748315744031714
Kota,2022,25.81,118.47859922178988,25.81,676.8845375043652,1599350.0,22.2951,82.0237,255896.0,160,2.1748315744031714
Aurangabad,2022,26.19,137.68333333333334,26.19,656.9531078767102,1767330.0,24.752,84.3742,282772.8,177,2.2883003868796936
Aurangabad,2022,26.19,137.68333333333334,26.19,665.558111935153,1767330.0,19.8776,75.3423,282772.8,177,2.2883003868796936
Aurangabad,2022,26.19,137.68333333333334,26.19,636.7400093641686,1767330.0,24.752,84.3742,282772.8,177,2.2883003868796936
Aurangabad,2022,26.19,137.68333333333334,26.19,610.9596484251737,1767330.0,19.8776,75.3423,282772.8,177,2.2883003868796936
Begusarai,2022,25.89,84.17910447761194,25.89,621.1959017976892,586584.0,25.4185,86.1339,93853.44,59,1.6767998663280825
Samastipur,2022,25.77,176.38392857142858,25.77,679.0769165696554,1369771.2142857143,25.8622,85.7795,219163.3942857143,137,2.514234195620308
Charkhi Dadri,2020,25.12,193.75694444444446,25.12,554.5590232944634,1369771.2142857143,28.5917,76.2716,109581.69714285716,137,2.523244207439909
Greater Noida,2020,25.12,181.82410423452768,25.12,569.8108960760375,1369771.2142857143,28.4961,77.536,109581.69714285716,137,2.449787065394119
Hisar,2020,25.3,162.14285714285714,25.3,562.9003963032629,387141.0,29.1539,75.7229,30971.28,39,2.038137872160065
Sirsa,2020,25.35,114.41867469879519,25.35,563.1093203478455,1369771.2142857143,29.5349,75.029,109581.69714285716,137,2.044553554829601
Sirsa,2020,25.35,114.41867469879519,25.35,685.3190876016511,1369771.2142857143,25.2634,82.0919,109581.69714285716,137,2.044553554829601
Sirsa,2020,25.35,114.41867469879519,25.35,662.5486789070035,1369771.2142857143,29.5349,75.029,109581.69714285716,137,2.044553554829601
Sirsa,2020,25.35,114.41867469879519,25.35,628.1260743630987,1369771.2142857143,25.2634,82.0919,109581.69714285716,137,2.044553554829601
Kaithal,2020,24.15,121.49162011173185,24.15,547.6751240976503,1369771.2142857143,29.8015,76.3996,109581.69714285716,137,2.037452305286613
Charkhi Dadri,2021,25.07,164.89329268292684,25.07,625.1423812675248,1369771.2142857143,28.5917,76.2716,164372.54571428572,137,2.3787056533029896
Greater Noida,2021,24.73,211.8434065934066,24.73,615.6207656170849,1369771.2142857143,28.4961,77.536,164372.54571428572,137,2.6533765452733267
Hisar,2021,25.44,189.9298245614035,25.44,584.7802804865023,387141.0,29.1539,75.7229,46456.92,39,2.22506284018151
Bilaspur,2021,24.3,82.96875,24.3,601.077747385696,682488.0,31.3303,76.7566,81898.56,68,1.9210126944695232
Bilaspur,2021,24.3,82.96875,24.3,595.775710159606,682488.0,30.3045,77.3042,81898.56,68,1.9210126944695232
Bilaspur,2021,24.3,82.96875,24.3,628.3775147078325,682488.0,28.8866,79.2703,81898.56,68,1.9210126944695232
Bilaspur,2021,24.3,82.96875,24.3,631.2640476301466,682488.0,28.3913,77.6242,81898.56,68,1.9210126944695232
Bilaspur,2021,24.3,82.96875,24.3,542.7956014658067,682488.0,22.08,82.1554,81898.56,68,1.9210126944695232
Bilaspur,2021,24.3,82.96875,24.3,592.1918921939707,682488.0,31.3303,76.7566,81898.56,68,1.9210126944695232
Bilaspur,2021,24.3,82.96875,24.3,629.8789873571354,682488.0,30.3045,77.3042,81898.56,68,1.9210126944695232
Bilaspur,2021,24.3,82.96875,24.3,611.4704387870131,682488.0,28.8866,79.2703,81898.56,68,1.9210126944695232
Bilaspur,2021,24.3,82.96875,24.3,664.4734761782483,682488.0,28.3913,77.6242,81898.56,68,1.9210126944695232
Bilaspur,2021,24.3,82.96875,24.3,634.8040447428418,682488.0,22.08,82.1554,81898.56,68,1.9210126944695232
Bilaspur,2021,24.3,82.96875,24.3,560.4401640622144,682488.0,31.3303,76.7566,81898.56,68,1.9210126944695232
Bilaspur,2021,24.3,82.96875,24.3,546.5853121100645,682488.0,30.3045,77.3042,81898.56,68,1.9210126944695232
Bilaspur,2021,24.3,82.96875,24.3,632.3628917309474,682488.0,28.8866,79.2703,81898.56,68,1.9210126944695232
Bilaspur,2021,24.3,82.96875,24.3,539.9766965812432,682488.0,28.3913,77.6242,81898.56,68,1.9210126944695232
Bilaspur,2021,24.3,82.96875,24.3,623.8663371910195,682488.0,22.08,82.1554,81898.56,68,1.9210126944695232
Bilaspur,2021,24.3,82.96875,24.3,677.0345362137436,682488.0,31.3303,76.7566,81898.56,68,1.9210126944695232
Bilaspur,2021,24.3,82.96875,24.3,622.3211266813819,682488.0,30.3045,77.3042,81898.56,68,1.9210126944695232
Bilaspur,2021,24.3,82.96875,24.3,594.2254889309783,682488.0,28.8866,79.2703,81898.56,68,1.9210126944695232
Bilaspur,2021,24.3,82.96875,24.3,632.493232766353,682488.0,28.3913,77.6242,81898.56,68,1.9210126944695232
Bilaspur,2021,24.3,82.96875,24.3,604.7379335737274,682488.0,22.08,82.1554,81898.56,68,1.9210126944695232
Bilaspur,2021,24.3,82.96875,24.3,617.8425183973902,682488.0,31.3303,76.7566,81898.56,68,1.9210126944695232
Bilaspur,2021,24.3,82.96875,24.3,677.2197213164787,682488.0,30.3045,77.3042,81898.56,68,1.9210126944695232
Bilaspur,2021,24.3,82.96875,24.3,593.9153956701161,682488.0,28.8866,79.2703,81898.56,68,1.9210126944695232
Bilaspur,2021,24.3,82.96875,24.3,680.1785845735872,682488.0,28.3913,77.6242,81898.56,68,1.9210126944695232
Bilaspur,2021,24.3,82.96875,24.3,671.8025962934096,682488.0,22.08,82.1554,81898.56,68,1.9210126944695232
Sirsa,2021,25.78,129.15942028985506,25.78,594.9686702183944,1369771.2142857143,29.5349,75.029,164372.54571428572,137,2.1886950569355816
Sirsa,2021,25.78,129.15942028985506,25.78,576.0041951312749,1369771.2142857143,25.2634,82.0919,164372.54571428572,137,2.1886950569355816
Sirsa,2021,25.78,129.15942028985506,25.78,580.7167002066141,1369771.2142857143,29.5349,75.029,164372.54571428572,137,2.1886950569355816
Sirsa,2021,25.78,129.15942028985506,25.78,568.3332738477325,1369771.2142857143,25.2634,82.0919,164372.54571428572,137,2.1886950569355816
Gorakhpur,2021,25.22,101.6820809248555,25.22,568.5664441133893,816586.0,29.4477,75.6721,97990.32,82,1.81512640248122
Gorakhpur,2021,25.22,101.6820809248555,25.22,656.8510160124536,816586.0,26.7663,83.3689,97990.32,82,1.81512640248122
Gorakhpur,2021,25.22,101.6820809248555,25.22,565.0782972690344,816586.0,29.4477,75.6721,97990.32,82,1.81512640248122
Gorakhpur,2021,25.22,101.6820809248555,25.22,602.2463445440642,816586.0,26.7663,83.3689,97990.32,82,1.81512640248122
Kaithal,2021,24.63,143.6253687315634,24.63,669.3312966454182,1369771.2142857143,29.8015,76.3996,164372.54571428572,137,2.229214313628472
Srinagar,2021,13.57,87.89297658862876,13.57,324.89079036037384,1777610.0,34.0857,74.8055,213313.19999999998,178,1.4102545973672447
Srinagar,2021,13.57,87.89297658862876,13.57,443.57027238834036,1777610.0,30.2224,78.7834,213313.19999999998,178,1.4102545973672447
Srinagar,2021,13.57,87.89297658862876,13.57,363.67821621600996,1777610.0,34.0857,74.8055,213313.19999999998,178,1.4102545973672447
Srinagar,2021,13.57,87.89297658862876,13.57,339.1247241432484,1777610.0,30.2224,78.7834,213313.19999999998,178,1.4102545973672447
Charkhi Dadri,2022,25.85,159.51666666666668,25.85,671.5105748046226,1369771.2142857143,28.5917,76.2716,219163.3942857143,137,2.4137774389910187
Greater Noida,2022,25.49,180.6846153846154,25.49,654.1414270169826,1369771.2142857143,28.4961,77.536,219163.3942857143,137,2.528892370728775
Hisar,2022,26.01,167.44736842105263,26.01,701.820802029058,387141.0,29.1539,75.7229,61942.56,39,2.120681751054153
Bilaspur,2022,24.83,61.47136563876652,24.83,656.8606565705828,682488.0,31.3303,76.7566,109198.08000000002,68,1.8286086507919395
Bilaspur,2022,24.83,61.47136563876652,24.83,667.1221395577272,682488.0,30.3045,77.3042,109198.08000000002,68,1.8286086507919395
Bilaspur,2022,24.83,61.47136563876652,24.83,588.9051858856959,682488.0,28.8866,79.2703,109198.08000000002,68,1.8286086507919395
Bilaspur,2022,24.83,61.47136563876652,24.83,573.2159315669584,682488.0,28.3913,77.6242,109198.08000000002,68,1.8286086507919395
Bilaspur,2022,24.83,61.47136563876652,24.83,659.1922127461287,682488.0,22.08,82.1554,109198.08000000002,68,1.8286086507919395
Bilaspur,2022,24.83,61.47136563876652,24.83,667.6252108900895,682488.0,31.3303,76.7566,109198.08000000002,68,1.8286086507919395
Bilaspur,2022,24.83,61.47136563876652,24.83,695.1757713001009,682488.0,30.3045,77.3042,109198.08000000002,68,1.8286086507919395
Bilaspur,2022,24.83,61.47136563876652,24.83,608.492651536714,682488.0,28.8866,79.2703,109198.08000000002,68,1.8286086507919395
Bilaspur,2022,24.83,61.47136563876652,24.83,602.4027128689174,682488.0,28.3913,77.6242,109198.08000000002,68,1.8286086507919395
Bilaspur,2022,24.83,61.47136563876652,24.83,663.0619441112995,682488.0,22.08,82.1554,109198.08000000002,68,1.8286086507919395
Bilaspur,2022,24.83,61.47136563876652,24.83,597.7205310379527,682488.0,31.3303,76.7566,109198.08000000002,68,1.8286086507919395
Bilaspur,2022,24.83,61.47136563876652,24.83,686.2135988405347,682488.0,30.3045,77.3042,109198.08000000002,68,1.8286086507919395
Bilaspur,2022,24.83,61.47136563876652,24.83,675.3619127764517,682488.0,28.8866,79.2703,109198.08000000002,68,1.8286086507919395
Bilaspur,2022,24.83,61.47136563876652,24.83,610.9491041062527,682488.0,28.3913,77.6242,109198.08000000002,68,1.8286086507919395
Bilaspur,2022,24.83,61.47136563876652,24.83,659.2306601687246,682488.0,22.08,82.1554,109198.08000000002,68,1.8286086507919395
Bilaspur,2022,24.83,61.47136563876652,24.83,659.7814311127023,682488.0,31.3303,76.7566,109198.08000000002,68,1.8286086507919395
Bilaspur,2022,24.83,61.47136563876652,24.83,562.0685803253898,682488.0,30.3045,77.3042,109198.08000000002,68,1.8286086507919395
Bilaspur,2022,24.83,61.47136563876652,24.83,681.982936001935,682488.0,28.8866,79.2703,109198.08000000002,68,1.8286086507919395
Bilaspur,2022,24.83,61.47136563876652,24.83,622.3878558671786,682488.0,28.3913,77.6242,109198.08000000002,68,1.8286086507919395
Bilaspur,2022,24.83,61.47136563876652,24.83,670.5686199161612,682488.0,22.08,82.1554,109198.08000000002,68,1.8286086507919395
Bilaspur,2022,24.83,61.47136563876652,24.83,594.6074401545917,682488.0,31.3303,76.7566,109198.08000000002,68,1.8286086507919395
Bilaspur,2022,24.83,61.47136563876652,24.83,680.92848427443,682488.0,30.3045,77.3042,109198.08000000002,68,1.8286086507919395
Bilaspur,2022,24.83,61.47136563876652,24.83,604.9802518101244,682488.0,28.8866,79.2703,109198.08000000002,68,1.8286086507919395
Bilaspur,2022,24.83,61.47136563876652,24.83,548.2256477220448,682488.0,28.3913,77.6242,109198.08000000002,68,1.8286086507919395
Bilaspur,2022,24.83,61.47136563876652,24.83,682.4072964628895,682488.0,22.08,82.1554,109198.08000000002,68,1.8286086507919395
Sirsa,2022,26.12,123.9475806451613,26.12,586.09300151792,1369771.2142857143,29.5349,75.029,219163.3942857143,137,2.206212713112129
Sirsa,2022,26.12,123.9475806451613,26.12,620.2970456385622,1369771.2142857143,25.2634,82.0919,219163.3942857143,137,2.206212713112129
Sirsa,2022,26.12,123.9475806451613,26.12,714.9092950576207,1369771.2142857143,29.5349,75.029,219163.3942857143,137,2.206212713112129
Sirsa,2022,26.12,123.9475806451613,26.12,714.9910720406334,1369771.2142857143,25.2634,82.0919,219163.3942857143,137,2.206212713112129
Gorakhpur,2022,25.62,67.16194331983806,25.62,648.4156832184929,816586.0,29.4477,75.6721,130653.76000000001,82,1.6405208570405516
Gorakhpur,2022,25.62,67.16194331983806,25.62,657.1755818254699,816586.0,26.7663,83.3689,130653.76000000001,82,1.6405208570405516
Gorakhpur,2022,25.62,67.16194331983806,25.62,629.6668282967479,816586.0,29.4477,75.6721,130653.76000000001,82,1.6405208570405516
Gorakhpur,2022,25.62,67.16194331983806,25.62,606.3816157547096,816586.0,26.7663,83.3689,130653.76000000001,82,1.6405208570405516
Kaithal,2022,24.72,131.5569105691057,24.72,593.6996818054873,1369771.2142857143,29.8015,76.3996,219163.3942857143,137,2.1939731396077295
Srinagar,2022,13.88,77.00829875518673,13.88,428.47776841155576,1777610.0,34.0857,74.8055,284417.60000000003,178,1.4020811220980716
Srinagar,2022,13.88,77.00829875518673,13.88,440.45617941565206,1777610.0,30.2224,78.7834,284417.60000000003,178,1.4020811220980716
Srinagar,2022,13.88,77.00829875518673,13.88,446.3368565588773,1777610.0,34.0857,74.8055,284417.60000000003,178,1.4020811220980716
Srinagar,2022,13.88,77.00829875518673,13.88,446.0427214191831,1777610.0,30.2224,78.7834,284417.60000000003,178,1.4020811220980716
Baddi,2022,21.01,132.2443181818182,21.01,483.8809154573036,1369771.2142857143,30.9578,76.7914,219163.3942857143,137,2.0416382298233646
Haldia,2020,25.86,136.34375,25.86,641.3630457053873,1369771.2142857143,22.0605,88.1097,109581.69714285716,137,2.2010443249649048
Durgapur,2020,25.06,213.46666666666667,25.06,559.8338140024966,740728.0,23.5158,87.308,59258.240000000005,74,2.64942447721031
Durgapur,2020,25.06,213.46666666666667,25.06,633.6293323485603,740728.0,20.0054,79.3027,59258.240000000005,74,2.64942447721031
Durgapur,2020,25.06,213.46666666666667,25.06,617.4295752060066,740728.0,23.5158,87.308,59258.240000000005,74,2.64942447721031
Durgapur,2020,25.06,213.46666666666667,25.06,684.355627413745,740728.0,20.0054,79.3027,59258.240000000005,74,2.64942447721031
Agartala,2020,25.04,153.45098039215685,25.04,603.4372518828118,670388.0,23.8361,91.2794,53631.04000000001,67,2.261528614737008
Agartala,2020,25.09,153.45098039215685,25.09,569.3600524641408,670388.0,23.8361,91.2794,53631.04000000001,67,2.2636386755067583
Agartala,2020,24.96,153.45098039215685,24.96,570.6487523079254,670388.0,23.8361,91.2794,53631.04000000001,67,2.258152517505408
Aurangabad,2020,24.75,69.21594684385381,24.75,659.2265947576209,1767330.0,24.752,84.3742,141386.4,177,1.7150848477638014
Aurangabad,2020,24.75,69.21594684385381,24.75,637.7327094974391,1767330.0,19.8776,75.3423,141386.4,177,1.7150848477638014
Aurangabad,2020,24.75,69.21594684385381,24.75,560.1684014184185,1767330.0,24.752,84.3742,141386.4,177,1.7150848477638014
Aurangabad,2020,24.75,69.21594684385381,24.75,557.6160209172497,1767330.0,19.8776,75.3423,141386.4,177,1.7150848477638014
Agartala,2020,24.91,153.45098039215685,24.91,653.3453697188679,670388.0,23.8361,91.2794,53631.04000000001,67,2.2560424567356576
Haldia,2021,26.51,89.62422360248448,26.51,591.1144509546291,1369771.2142857143,22.0605,88.1097,164372.54571428572,137,1.9761279856037919
Durgapur,2021,25.68,178.17006802721087,25.68,686.8790088935534,740728.0,23.5158,87.308,88887.36,74,2.4773711008791897
Durgapur,2021,25.68,178.17006802721087,25.68,669.5363340734744,740728.0,20.0054,79.3027,88887.36,74,2.4773711008791897
Durgapur,2021,25.68,178.17006802721087,25.68,575.802317096285,740728.0,23.5158,87.308,88887.36,74,2.4773711008791897
Durgapur,2021,25.68,178.17006802721087,25.68,576.3256571127788,740728.0,20.0054,79.3027,88887.36,74,2.4773711008791897
Agartala,2021,25.63,102.34650455927051,25.63,710.5959367751764,670388.0,23.8361,91.2794,80446.56,67,1.9890875097548524
Agartala,2021,25.56,102.34650455927051,25.56,617.340619363418,670388.0,23.8361,91.2794,80446.56,67,1.986133424677202
Agartala,2021,25.33,102.34650455927051,25.33,612.1963220600336,670388.0,23.8361,91.2794,80446.56,67,1.9764271451363513
Aurangabad,2021,25.37,84.10041841004184,25.37,679.3199350886255,1767330.0,24.752,84.3742,212079.6,177,1.8783609933810292
Aurangabad,2021,25.37,84.10041841004184,25.37,699.4872866075789,1767330.0,19.8776,75.3423,212079.6,177,1.8783609933810292
Aurangabad,2021,25.37,84.10041841004184,25.37,705.3001595734306,1767330.0,24.752,84.3742,212079.6,177,1.8783609933810292
Aurangabad,2021,25.37,84.10041841004184,25.37,670.4067277888413,1767330.0,19.8776,75.3423,212079.6,177,1.8783609933810292
Agartala,2021,25.32,102.34650455927051,25.32,612.8389378296373,670388.0,23.8361,91.2794,80446.56,67,1.9760051329824013
Katihar,2021,25.18,311.0833333333333,25.18,566.1251075048003,1369771.2142857143,25.5385,87.5704,164372.54571428572,137,3.2832762527117767
Kishanganj,2021,24.85,280.19444444444446,24.85,663.5720373891155,1369771.2142857143,26.1022,87.9553,164372.54571428572,137,3.0792015333071703
Haldia,2022,25.98,72.15695067264573,25.98,653.3606374603708,1369771.2142857143,22.0605,88.1097,219163.3942857143,137,1.881487597819964
Durgapur,2022,25.12,169.60199004975124,25.12,616.0333013870464,740728.0,23.5158,87.308,118516.48000000001,74,2.4200578777796733
Durgapur,2022,25.12,169.60199004975124,25.12,688.3531577642104,740728.0,20.0054,79.3027,118516.48000000001,74,2.4200578777796733
Durgapur,2022,25.12,169.60199004975124,25.12,569.0796223459228,740728.0,23.5158,87.308,118516.48000000001,74,2.4200578777796733
Durgapur,2022,25.12,169.60199004975124,25.12,626.293765643629,740728.0,20.0054,79.3027,118516.48000000001,74,2.4200578777796733
Agartala,2022,25.4,102.5576923076923,25.4,559.7030467151128,670388.0,23.8361,91.2794,107262.08000000002,67,1.9979345167930767
Agartala,2022,25.35,102.5576923076923,25.35,627.2990962991189,670388.0,23.8361,91.2794,107262.08000000002,67,1.9958244560233267
Agartala,2022,25.15,102.5576923076923,25.15,561.4454913522756,670388.0,23.8361,91.2794,107262.08000000002,67,1.987384212944326
Aurangabad,2022,26.19,137.68333333333334,26.19,591.6226874402108,1767330.0,24.752,84.3742,282772.8,177,2.2883003868796936
Aurangabad,2022,26.19,137.68333333333334,26.19,591.4289370165658,1767330.0,19.8776,75.3423,282772.8,177,2.2883003868796936
Aurangabad,2022,26.19,137.68333333333334,26.19,671.1815453174096,1767330.0,24.752,84.3742,282772.8,177,2.2883003868796936
Aurangabad,2022,26.19,137.68333333333334,26.19,685.7067318898136,1767330.0,19.8776,75.3423,282772.8,177,2.2883003868796936
Agartala,2022,25.15,102.5576923076923,25.15,640.505314764574,670388.0,23.8361,91.2794,107262.08000000002,67,1.987384212944326
Begusarai,2022,25.89,84.17910447761194,25.89,712.1258822711812,586584.0,25.4185,86.1339,93853.44,59,1.6767998663280825
Katihar,2022,25.32,180.99086757990867,25.32,612.6305869285555,1369771.2142857143,25.5385,87.5704,219163.3942857143,137,2.523603416123363
Samastipur,2022,25.77,176.38392857142858,25.77,608.2568129422791,1369771.2142857143,25.8622,85.7795,219163.3942857143,137,2.514234195620308
Kishanganj,2022,24.68,156.9018691588785,24.68,673.889869228419,1369771.2142857143,26.1022,87.9553,219163.3942857143,137,2.3483056351810974
Gangtok,2022,7.62,26.802325581395348,7.62,235.93937577791792,1369771.2142857143,27.3257,88.6122,219163.3942857143,137,0.8274756169664255
Gangtok,2022,-1.23,26.802325581395348,-1.23,200.0,1369771.2142857143,27.3257,88.6122,219163.3942857143,137,0.45399486072064565
Gangtok,2022,0.22,26.802325581395348,0.22,200.0,1369771.2142857143,27.3257,88.6122,219163.3942857143,137,0.5151866230434006
Gangtok,2022,0.86,26.802325581395348,0.86,212.68182400614583,1369771.2142857143,27.3257,88.6122,219163.3942857143,137,0.5421954008962027
Gangtok,2022,-0.72,26.802325581395348,-0.72,200.0,1369771.2142857143,27.3257,88.6122,219163.3942857143,137,0.47551748057209736
Gangtok,2022,-0.35,26.802325581395348,-0.35,200.0,1369771.2142857143,27.3257,88.6122,219163.3942857143,137,0.49113193026824864
Gangtok,2022,-0.84,26.802325581395348,-0.84,200.0,1369771.2142857143,27.3257,88.6122,219163.3942857143,137,0.47045333472469697
Gangtok,2022,0.15,26.802325581395348,0.15,201.94471941789504,1369771.2142857143,27.3257,88.6122,219163.3942857143,137,0.5122325379657503
Gangtok,2022,1.15,26.802325581395348,1.15,200.0,1369771.2142857143,27.3257,88.6122,219163.3942857143,137,0.5544337533607537
Gangtok,2022,2.8,26.802325581395348,2.8,200.0,1369771.2142857143,27.3257,88.6122,219163.3942857143,137,0.6240657587625091
Gangtok,2022,3.62,26.802325581395348,3.62,267.79538034286486,1369771.2142857143,27.3257,88.6122,219163.3942857143,137,0.658670755386412
Gangtok,2022,3.56,26.802325581395348,3.56,200.0,1369771.2142857143,27.3257,88.6122,219163.3942857143,137,0.6561386824627118
Gangtok,2022,1.11,26.802325581395348,1.11,200.0,1369771.2142857143,27.3257,88.6122,219163.3942857143,137,0.5527457047449535
Aizawl,2020,21.51,29.257894736842104,21.51,584.5623033476926,414881.0,23.7289,92.7179,33190.48,41,1.726199673524675
Kohima,2020,20.18,64.76146788990826,20.18,521.781159715166,1369771.2142857143,25.6747,94.111,109581.69714285716,137,1.5206894248111515
Aizawl,2021,22.01,44.41955835962145,22.01,584.3337120126096,414881.0,23.7289,92.7179,49785.72000000001,41,1.8513111359449086
Kohima,2021,20.86,77.13836477987421,20.86,554.847146788465,1369771.2142857143,25.6747,94.111,164372.54571428572,137,1.6608296599113008
Naharlagun,2021,22.55,66.72115384615384,22.55,636.1737015736484,1369771.2142857143,27.1047,93.6952,164372.54571428572,137,1.6680226050580518
Aizawl,2022,21.66,47.425196850393704,21.66,490.0169570512187,414881.0,23.7289,92.7179,66380.96,41,1.8657205234548324
Imphal,2022,20.26,70.02631578947368,20.26,497.3444784388346,662452.0,24.8081,93.9442,105992.32,66,1.6882959059257225
Imphal,2022,19.75,70.02631578947368,19.75,587.5617226114838,662452.0,24.8081,93.9442,105992.32,66,1.6667732860742706
Kohima,2022,20.39,77.33816425120773,20.39,591.3395675836375,1369771.2142857143,25.6747,94.111,219163.3942857143,137,1.677477736997799
Naharlagun,2022,22.02,80.28,22.02,558.7485129178569,1369771.2142857143,27.1047,93.6952,219163.3942857143,137,1.7643753083210476
